{
  "blood_pressure_device": [
    [
      -0.020052293315529823,
      0.07094044983386993,
      -0.02280847355723381
    ],
    [
      0.020846698433160782,
      0.07085425406694412,
      -0.022619912400841713
    ],
    [
      0.020841075107455254,
      0.049151211977005005,
      0.02359715849161148
    ],
    [
      -0.019825104624032974,
      0.04924821853637695,
      0.023730076849460602
    ]
  ],
  "metronome": [
    [
      -0.022258572280406952,
      0.07752147316932678,
      0.004368458408862352
    ],
    [
      0.006785727106034756,
      0.07730130851268768,
      -0.022904090583324432
    ],
    [
      0.012196292169392109,
      0.06251651048660278,
      -0.01703408919274807
    ],
    [
      -0.01700667105615139,
      0.06317409873008728,
      0.010063452646136284
    ]
  ],
  "oximeter": [
    [
      -0.01994970813393593,
      0.03422592580318451,
      -0.0006487630307674408
    ],
    [
      0.007117869332432747,
      0.03422592580318451,
      -0.0006487639620900154
    ],
    [
      0.007117869332432747,
      0.03422592580318451,
      0.015518169850111008
    ],
    [
      -0.01996776834130287,
      0.03410149738192558,
      0.015514294616878033
    ]
  ],
  "power_supply": [
    [
      -0.05830663442611694,
      0.1467602252960205,
      0.09310527890920639
    ],
    [
      -0.0006439791177399457,
      0.14675778150558472,
      0.10873203724622726
    ],
    [
      -0.0005682166083715856,
      0.07525521516799927,
      0.10859110951423645
    ],
    [
      -0.05860874801874161,
      0.07525484263896942,
      0.09302432090044022
    ]
  ],
  "thermometer": [
    [
      -0.013850463554263115,
      0.024267639964818954,
      -0.06117366999387741
    ],
    [
      0.013493390753865242,
      0.02470933459699154,
      -0.0611751526594162
    ],
    [
      0.013362079858779907,
      0.03067794069647789,
      -0.032296739518642426
    ],
    [
      -0.013973814435303211,
      0.030124185606837273,
      -0.03216724470257759
    ]
  ],
  "multimeter": [
    [
      -0.030895529314875603,
      0.14227133989334106,
      -0.03900840878486633
    ],
    [
      0.030801549553871155,
      0.14227133989334106,
      -0.036547157913446426
    ],
    [
      0.029686065390706062,
      0.11428679525852203,
      -0.008584864437580109
    ],
    [
      -0.032011017203330994,
      0.11428679525852203,
      -0.011046112515032291
    ]
  ]
}